{
  "hash": "b1d01290",
  "configHash": "83a2acef",
  "lockfileHash": "67db71c1",
  "browserHash": "8360a809",
  "optimized": {
    "lucide-react": {
      "src": "../../node_modules/lucide-react/dist/esm/lucide-react.js",
      "file": "lucide-react.js",
      "fileHash": "8203e6c4",
      "needsInterop": false
    },
    "motion/react": {
      "src": "../../node_modules/motion/dist/es/react.mjs",
      "file": "motion_react.js",
      "fileHash": "2eb84790",
      "needsInterop": false
    },
    "react": {
      "src": "../../node_modules/react/index.js",
      "file": "react.js",
      "fileHash": "fba8e6d1",
      "needsInterop": true
    },
    "react-dom/client": {
      "src": "../../node_modules/react-dom/client.js",
      "file": "react-dom_client.js",
      "fileHash": "921c49f1",
      "needsInterop": true
    }
  },
  "chunks": {
    "chunk-JRE55LYH": {
      "file": "chunk-JRE55LYH.js"
    }
  }
}